<?xml version="1.0" encoding="UTF-8"?>
<!DOCTYPE suite SYSTEM "http://testng.org/testng-1.0.dtd">
<suite name="Suite">
	<listeners>
		<listener class-name="lib.listeners.TestngListener"></listener>
	</listeners>
	<parameter name="URL" value="enterUrl"></parameter>
	<parameter name="userName" value="sample"></parameter>
	<parameter name="password" value="sample"></parameter>
	<test thread-count="5" name="Test">
		<classes>
			<class name="package.className" />
			<!-- <class name="package.className"></class> -->
		</classes>
	</test> <!-- Test -->
</suite> <!-- Suite -->








