<?xml version="1.0" encoding="UTF-8"?>
<!DOCTYPE suite SYSTEM "http://testng.org/testng-1.0.dtd">
<suite name="Suite" verbose="2">

	<parameter name="plantation_Type_Id" value="1"></parameter>
	<parameter name="estate_count" value="1"></parameter>
	<parameter name="userDataModule" value="EAttendance"></parameter>
	<parameter name="createNOG" value="false"></parameter>
	
	<!-- <parameter name="createUserGang" value="false"></parameter>
 -->
	<test name="Test">
	<classes>
		<!-- <class name="tests.api.SaveUser" />
		<class name="tests.api.QuickNoteCapture" /> -->
		<class name="tests.mobile.QuickNoteTest" />
	</classes>
</test> <!-- Test -->
</suite> <!-- Suite -->
