<?xml version="1.0" encoding="UTF-8"?>
<!DOCTYPE suite SYSTEM "http://testng.org/testng-1.0.dtd">
<suite name="Suite" verbose="1" parallel="methods" data-provider-thread-count="5000" thread-count="5000">

	<parameter name="plantation_Type_Id" value="1"></parameter>

	<parameter name="estate_count" value="2"></parameter>
	
	<parameter name="createNOG" value="true"></parameter>
	
	<parameter name="gpsStops" value="4"></parameter>
	
	

	<test name="Test">
		<classes>

			<class name="tests.api.VerifyRoleBasedPassword" />
			
			<!-- <class name="tests.api.CreateHarvestingData" />
			
			<class name="tests.api.CreateGPSData" />
			
			<class name="tests.api.CreateFertilizationData" />
			<class name="tests.api.QuickNoteCapture" />
			<class name="tests.api.CreateGPSData" />
			
			<class name="tests.api.UserRegistration" />
			<class name="tests.api.AttendanceDetails" /> -->

		</classes>
	</test> <!-- Test -->
</suite> <!-- Suite -->