<?xml version="1.0" encoding="UTF-8"?>
<!DOCTYPE suite SYSTEM "https://testng.org/testng-1.0.dtd">
<suite name="Suite" verbose="5" data-provider-thread-count="2">
  <parameter name="username" value="DemoSalesManager"></parameter>
  <parameter name="password" value="crmsfa"></parameter>
  <parameter name="browser" value="chrome"></parameter>
  <parameter name="url" value="http://leaftaps.com/opentaps/control/main"></parameter>
  <test thread-count="5" name="Test">
    <classes>
      <class name="ui.tests.CreateLead"/>
    </classes>
  </test> <!-- Test -->
</suite> <!-- Suite -->
